{
  "scene": "32b97114-f451-434c-9df9-fed83b13a85d",
  "cam_K": [
    [
      480.0,
      0.0,
      479.5
    ],
    [
      0.0,
      480.0,
      269.5
    ],
    [
      0.0,
      0.0,
      1.0
    ]
  ],
  "proxy_pose": {
    "location": [
      0.002341499086469412,
      -0.03561795875430107,
      0.5391509532928467
    ]
  },
  "container_nominal_size": [
    0.6529672397129124,
    0.7546660502704182,
    1.07631199672701
  ]
}